1742548764366.jpg,single
1742548765391.jpg,single
1742548766422.jpg,single
1742548767454.jpg,single
1742548783294.jpg,single
1742548784322.jpg,single
1742548785360.jpg,single
1742548787423.jpg,single
1742548830300.jpg,single
1742548832359.jpg,single
1742548833388.jpg,single
1742548834422.jpg,single
1742548835455.jpg,single
1742548836491.jpg,single
1742548837524.jpg,single
1742548838559.jpg,single
1742548839590.jpg,single
1742548841656.jpg,t_left
1742548859300.jpg,single
1742548860324.jpg,single
1742548861356.jpg,t_left
1742548862394.jpg,t_left
1742548863425.jpg,t_left
1742548868589.jpg,single
1742548869624.jpg,single
1742548870655.jpg,single
1742548871688.jpg,single
1742548873755.jpg,single
1742548875825.jpg,single
1742548876857.jpg,single
1742548877891.jpg,single
1742548878926.jpg,single
1742548879959.jpg,single
1742548880989.jpg,single
1742548882026.jpg,single
1742548883061.jpg,single
1742548884091.jpg,single
1742548885124.jpg,cross
1742548888222.jpg,cross
1742548890292.jpg,single
1742548891322.jpg,single
1742548892356.jpg,single
1742548893392.jpg,single
1742548894425.jpg,single
1742548895461.jpg,single
1742548896490.jpg,single
1742548897524.jpg,single
1742548898556.jpg,single
1742548899589.jpg,single
1742548900623.jpg,single
1742548901656.jpg,single
1742548902689.jpg,single
1742548903724.jpg,single
1742548904760.jpg,single
1742548905790.jpg,single
1742548906823.jpg,single
1742548908889.jpg,single
1742548909924.jpg,single
1742548969074.jpg,single
1742548970100.jpg,t_left
1742548971133.jpg,single
1742548972165.jpg,single
1742548973201.jpg,single
1742548974235.jpg,single
1742548975267.jpg,single
1742548976299.jpg,single
1742548977333.jpg,single
1742548978365.jpg,single
1742548979401.jpg,single
1742548980437.jpg,single
1742548981471.jpg,single
1742548982500.jpg,single
1742548983537.jpg,single
1742548984567.jpg,single
1742548985600.jpg,single
1742548986632.jpg,single
1742548987666.jpg,single
1742549000139.jpg,single
1742549001168.jpg,single
1742549007367.jpg,single
1742549008400.jpg,single
1742549009435.jpg,single
1742549010469.jpg,single
1742549011500.jpg,single
1742549012534.jpg,single
1742549013569.jpg,single
1742549014603.jpg,single
1742549015634.jpg,single
1742549016667.jpg,single
1742549017700.jpg,single
1742549018733.jpg,single
1742549019770.jpg,single
1742549020801.jpg,single
1742549021808.jpg,single
1742549022816.jpg,single
1742549026934.jpg,single
1742549027967.jpg,single
1742549029000.jpg,single
1742549030037.jpg,single
1742549031068.jpg,single
1742549032101.jpg,single
1742549033134.jpg,single
1742549034169.jpg,single
1742549035206.jpg,single
1742549036235.jpg,single
1742549037268.jpg,single
1742549038301.jpg,single
1742549039336.jpg,single
1742549040368.jpg,single
1742549045537.jpg,single
1742549046568.jpg,single
1742549047601.jpg,single
1742549048634.jpg,single
1742549051734.jpg,single
1742549052769.jpg,single
1742549054836.jpg,single
1742549055873.jpg,single
1742549056903.jpg,single
1742549057935.jpg,single
1742549058973.jpg,single
1742549060001.jpg,single
1742549062067.jpg,single
1742549063101.jpg,single
1742549065173.jpg,single
1742549066201.jpg,single
1742549067234.jpg,single
1742549069302.jpg,single
1742549071367.jpg,single
1742549072401.jpg,single
1742549073434.jpg,single
1742549074469.jpg,single
1742549075500.jpg,single
1742549076534.jpg,single
1742549077567.jpg,single
1742549078602.jpg,cross
1742549079636.jpg,single
1742549081702.jpg,single
1742549082734.jpg,single
1742549083767.jpg,single
1742549084803.jpg,single
1742549085834.jpg,single
1742549086867.jpg,single
1742549087900.jpg,single
1742549088934.jpg,single
1742549089969.jpg,single
1742549091001.jpg,single
1742549092035.jpg,single
1742549093068.jpg,single
1742549094102.jpg,single
1742549095135.jpg,single
1742549096168.jpg,single
1742549097202.jpg,single
1742549098237.jpg,single
1742549108641.jpg,single
1742549109671.jpg,single
1742549110702.jpg,t_left
1742549111736.jpg,single
1742549114835.jpg,single
1742549126608.jpg,single
1742549127637.jpg,single
1742549128673.jpg,t_left
1742549129704.jpg,t_left
1742549131769.jpg,single
1742549132802.jpg,single
1742549133835.jpg,single
1742549134869.jpg,single
1742549135901.jpg,single
1742549136935.jpg,cross
1742549137969.jpg,single
1742549139006.jpg,single
1742549140038.jpg,single
1742549141074.jpg,single
1742549142104.jpg,single
1742549143138.jpg,single
1742549144174.jpg,single
1742549147269.jpg,single
1742549148303.jpg,single
1742549149338.jpg,single
1742549150370.jpg,single
1742549151403.jpg,single
1742549152436.jpg,single
1742549153472.jpg,single
1742549154505.jpg,single
1742549155537.jpg,single
1742549156569.jpg,cross
1742549157602.jpg,single
1742549160703.jpg,single
1742549161736.jpg,single
1742549162769.jpg,single
1742549163805.jpg,single
1742549164838.jpg,single
1742549166902.jpg,single
1742549167936.jpg,single
1742549168969.jpg,single
1742549170003.jpg,cross
1742549172070.jpg,cross
1742549173103.jpg,cross
1742549174138.jpg,single
1742549175170.jpg,single
1742549176203.jpg,single
1742549177236.jpg,single
1742549178271.jpg,single
1742549179305.jpg,t_middle
1742549180343.jpg,t_middle
1742549183441.jpg,single
1742549184471.jpg,single
1742549185502.jpg,single
1742549186537.jpg,single
1742549187571.jpg,single
1742549188603.jpg,single
1742549189640.jpg,single
1742549190671.jpg,single
1742549191703.jpg,single
1742549193772.jpg,single
1742549194806.jpg,single
1742549272091.jpg,single
1742549273119.jpg,single
1742549274149.jpg,single
1742549275182.jpg,single
1742549276215.jpg,single
1742549277247.jpg,single
1742549278280.jpg,single
1742549279315.jpg,single
1742549280349.jpg,single
1742549281382.jpg,single
1742549282416.jpg,single
1742549283424.jpg,single
1742549284448.jpg,single
1742549285480.jpg,single
1742549286514.jpg,single
1742549287550.jpg,single
1742549290648.jpg,single
1742549291684.jpg,single
1742549292717.jpg,single
1742549293750.jpg,single
1742549294785.jpg,single
1742549295818.jpg,single
1742549296851.jpg,single
1742549297888.jpg,cross
1742549298921.jpg,single
1742549302021.jpg,single
1742549303052.jpg,single
1742549304085.jpg,single
1742549305121.jpg,single
1742549306151.jpg,single
1742549307185.jpg,single
1742549308219.jpg,single
1742549309251.jpg,cross
1742549310288.jpg,single
1742549311318.jpg,single
1742549312351.jpg,single
1742549313388.jpg,single
1742549314421.jpg,single
1742549450104.jpg,single
1742549451134.jpg,single
1742549452167.jpg,t_left
1742549453203.jpg,t_left
1742549481310.jpg,single
1742549482337.jpg,single
1742549483368.jpg,single
1742549484401.jpg,single
1742549487500.jpg,single
1742549488535.jpg,single
1742549489568.jpg,single
1742549490604.jpg,single
1742549491637.jpg,single
1742549492668.jpg,single
1742549493675.jpg,single
1742549494701.jpg,single
1742549495734.jpg,single
1742549551106.jpg,single
1742549552134.jpg,t_left
1742549553170.jpg,t_left
1742549555238.jpg,single
1742549556278.jpg,single
1742549557302.jpg,single
1742549558337.jpg,single
1742549559368.jpg,single
1742549560402.jpg,single
1742549561438.jpg,single
1742549562472.jpg,single
1742549563501.jpg,single
1742549564534.jpg,single
1742549565567.jpg,single
1742549566603.jpg,single
1742549567636.jpg,single
1742549623336.jpg,single
1742549627462.jpg,single
1742549628491.jpg,single
1742549629526.jpg,single
1742549630561.jpg,single
1742549631591.jpg,t_right
1742549674396.jpg,single
1742549675424.jpg,single
1742549676456.jpg,t_left
1742549677491.jpg,t_left
1742549678525.jpg,t_left
1742549681625.jpg,single
1742549682660.jpg,single
1742549683693.jpg,single
1742549684727.jpg,single
1742549685758.jpg,single
1742549686790.jpg,single
1742549687826.jpg,single
1742549688860.jpg,single
1742549689894.jpg,single
1742549690923.jpg,single
1742549691956.jpg,single
1742549692993.jpg,single
1742549694034.jpg,single
1742549695057.jpg,single
1742549696092.jpg,single
1742549697124.jpg,single
1742549698158.jpg,single
1742549701261.jpg,single
1742549702291.jpg,single
1742549703324.jpg,single
1742549704358.jpg,single
1742549705394.jpg,single
1742549706427.jpg,single
1742549707458.jpg,single
1742549708491.jpg,single
1742549709525.jpg,single
1742549710534.jpg,single
1742549711557.jpg,single
1742549715692.jpg,single
1742549716725.jpg,single
1742549717760.jpg,single
1742549718794.jpg,single
1742549719824.jpg,single
1742549720858.jpg,single
1742549721892.jpg,single
1742549722927.jpg,single
1742549723960.jpg,single
1742549724992.jpg,single
1742549728093.jpg,single
1742549729127.jpg,single
1742549730158.jpg,single
1742549731192.jpg,single
1742549732224.jpg,single
1742549733257.jpg,single
1742549734293.jpg,single
1742549735326.jpg,single
1742549736358.jpg,single
1742549737391.jpg,single
1742549738426.jpg,single
1742549739457.jpg,cross
1742549740491.jpg,single
1742549741526.jpg,single
1742549742556.jpg,single
1742549743592.jpg,single
1742549744626.jpg,single
1742549745660.jpg,single
1742549746691.jpg,single
1742549747724.jpg,single
1742549748760.jpg,single
1742549749792.jpg,single
1742549750824.jpg,single
1742549751858.jpg,single
1742549752892.jpg,single
1742549753927.jpg,single
1742549754959.jpg,single
1742549755992.jpg,single
1742549757024.jpg,single
1742549758059.jpg,single
1742549759093.jpg,cross
1742549760127.jpg,cross
1742549762193.jpg,single
1742549763226.jpg,single
1742549764258.jpg,single
1742549765292.jpg,single
1742549766326.jpg,single
1742549770458.jpg,single
1742549771493.jpg,single
1742549772528.jpg,single
1742549773560.jpg,single
1742549774592.jpg,single
1742549775624.jpg,single
1742549776660.jpg,single
1742549777694.jpg,single
1742549778724.jpg,single
1742549779759.jpg,single
1742549780794.jpg,single
1742549781825.jpg,single
1742549782858.jpg,single
1742549783894.jpg,single
1742549784925.jpg,single
1742549785960.jpg,single
1742549786994.jpg,single
1742549788026.jpg,single
1742549789059.jpg,t_right
1742549790095.jpg,single
1742549791127.jpg,single
1742549792159.jpg,single
1742549793193.jpg,single
1742549794225.jpg,single
1742549795260.jpg,single
1742549796294.jpg,single
1742549797326.jpg,single
1742549798359.jpg,single
1742549802493.jpg,single
1742549803525.jpg,single
1742549804562.jpg,single
1742554481035.jpg,single
1742554482058.jpg,single
1742554483092.jpg,single
1742554484124.jpg,single
1742554485157.jpg,single
1742554486190.jpg,single
1742554489290.jpg,single
1742554490324.jpg,single
1742554491356.jpg,single
1742554492390.jpg,single
1742554493425.jpg,single
1742554494458.jpg,single
1742554495491.jpg,single
1742554496524.jpg,single
1742554497557.jpg,single
1742554498591.jpg,single
1742554499624.jpg,single
1742554500658.jpg,single
1742554501691.jpg,single
1742554502724.jpg,single
1742554503757.jpg,single
1742554504792.jpg,single
1742554505825.jpg,single
1742554506858.jpg,single
1742554507891.jpg,single
1742554513058.jpg,single
1742554514091.jpg,single
1742554515123.jpg,single
1742554516157.jpg,single
1742554517192.jpg,single
1742554518224.jpg,single
1742554519257.jpg,single
1742554520290.jpg,single
1742554521325.jpg,single
1742554522358.jpg,single
1742554523392.jpg,single
1742554524425.jpg,single
1742554525458.jpg,single
1742554526491.jpg,single
1742554527524.jpg,single
1742554528558.jpg,single
1742554541065.jpg,single
1742554542091.jpg,single
1742554543125.jpg,single
1742554544158.jpg,single
1742554545193.jpg,single
1742554546225.jpg,single
1742554547259.jpg,single
1742554554493.jpg,single
1742554555526.jpg,single
1742554556563.jpg,single
1742554557591.jpg,single
1742554558624.jpg,single
1742554559659.jpg,single
1742554560694.jpg,single
1742554561736.jpg,single
1742554562770.jpg,single
1742554563803.jpg,single
1742554564836.jpg,single
1742554565870.jpg,single
1742554566905.jpg,single
1742554567937.jpg,single
1742554568970.jpg,single
1742554570002.jpg,single
1742554571037.jpg,single
1742554572070.jpg,single
1742554573104.jpg,t_left
1742554574136.jpg,single
1742554575170.jpg,single
1742554576204.jpg,single
1742554577236.jpg,t_left
1742554578269.jpg,single
1742554579305.jpg,single
1742554580337.jpg,single
1742554581369.jpg,single
1742554582402.jpg,single
1742554583438.jpg,single
1742554584470.jpg,single
1742554585505.jpg,single
1742554615610.jpg,single
1742554616638.jpg,single
1742554617669.jpg,t_left
1742554618703.jpg,single
1742554619737.jpg,single
1742554620771.jpg,single
1742554621803.jpg,single
1742554622837.jpg,single
1742554623871.jpg,single
1742554624904.jpg,single
1742554625936.jpg,single
1742554626969.jpg,single
1742554628003.jpg,single
1742554630071.jpg,single
1742554631103.jpg,single
1742554632136.jpg,single
1742554633171.jpg,single
1742554634204.jpg,t_left
1742554635238.jpg,single
1742554638337.jpg,single
1742554639371.jpg,single
1742554640403.jpg,single
1742554641410.jpg,single
1742554642417.jpg,single
1742554643437.jpg,single
1742554644470.jpg,single
1742554645502.jpg,single
1742554646538.jpg,single
1742554647572.jpg,single
1742554648605.jpg,single
1742554686579.jpg,single
1742554687608.jpg,single
1742554688640.jpg,single
1742554689673.jpg,single
1742554690706.jpg,single
1742554691739.jpg,single
1742554692773.jpg,single
1742554693809.jpg,single
1742554694840.jpg,single
1742554695873.jpg,single
1742554696907.jpg,single
1742554697941.jpg,single
1742554698977.jpg,single
1742554700006.jpg,single
1742554701040.jpg,single
1742554702092.jpg,single
1742554703107.jpg,single
1742554704141.jpg,t_left
1742554705174.jpg,t_left
1742554708274.jpg,single
1742568969771.jpg,single
1742568970807.jpg,single
1742568971838.jpg,single
1742568972871.jpg,single
1742568973906.jpg,single
1742568974937.jpg,single
1742568975970.jpg,single
1742568997211.jpg,single
1742568998241.jpg,single
1742568999272.jpg,single
1742569000304.jpg,single
1742569097403.jpg,single
1742569098429.jpg,single
1742569099462.jpg,single
1742569100496.jpg,single
1742569101530.jpg,single
1742569103597.jpg,single
1742569104630.jpg,single
1742569105664.jpg,single
1742569106696.jpg,single
1742569107730.jpg,single
1742569108763.jpg,single
1742569109796.jpg,single
1742569110830.jpg,cross
1742569111863.jpg,single
1742569112895.jpg,single
1742569113929.jpg,single
1742569114963.jpg,single
1742569115997.jpg,single
1742569117032.jpg,single
1742569118064.jpg,single
1742569119097.jpg,single
1742569120129.jpg,single
1742569121163.jpg,single
1742569122196.jpg,single
1742569123231.jpg,single
1742569124263.jpg,single
1742569125297.jpg,cross
1742569126329.jpg,single
1742569127363.jpg,single
1742569128399.jpg,single
1742569129431.jpg,single
1742569130463.jpg,single
1742569132528.jpg,single
1742569133562.jpg,single
1742569134598.jpg,single
1742569135630.jpg,single
1742569136664.jpg,single
1742569137698.jpg,single
1742569138731.jpg,single
1742569194105.jpg,single
1742569195131.jpg,single
1742569196165.jpg,single
1742569197199.jpg,single
1742569198232.jpg,single
1742569199265.jpg,single
1742569200297.jpg,single
1742569201334.jpg,single
1742569202365.jpg,single
1742569203400.jpg,single
1742569204431.jpg,single
1742569205465.jpg,single
1742569206497.jpg,single
1742569207531.jpg,single
1742569208566.jpg,single
1742569209598.jpg,single
1742569210632.jpg,single
1742569211665.jpg,single
1742569212699.jpg,single
1742569213733.jpg,single
1742569214766.jpg,single
1742569215774.jpg,single
1742569216783.jpg,single
1742569217791.jpg,single
1742569219865.jpg,single
1742569221932.jpg,t_right
1742569222965.jpg,single
1742569223998.jpg,single
1742569225032.jpg,single
1742569226066.jpg,single
1742569227099.jpg,single
1742569228132.jpg,single
1742569229165.jpg,single
1742569230198.jpg,single
1742569231232.jpg,single
1742569233298.jpg,single
1742569234331.jpg,single
1742569235366.jpg,t_right
1742569236399.jpg,single
1742569237432.jpg,single
1742569238466.jpg,single
1742569239497.jpg,single
1742569240534.jpg,single
1742569241568.jpg,single
1742569242601.jpg,single
1742569243633.jpg,single
1742569244666.jpg,single
1742569245699.jpg,single
1742569246732.jpg,single
1742569247767.jpg,single
1742569248798.jpg,single
1742569249832.jpg,single
1742569250866.jpg,single
1742569252934.jpg,single
1742569253965.jpg,single
1742569254999.jpg,single
1742569256033.jpg,single
1742569257066.jpg,single
1742569258098.jpg,single
1742569260169.jpg,single
1742569289715.jpg,single
1742569290742.jpg,single
1742569291775.jpg,single
1742569292808.jpg,single
1742569295910.jpg,single
1742569296942.jpg,single
1742569297974.jpg,single
1742569299009.jpg,single
1742569300043.jpg,t_right
1742569301076.jpg,single
1742569303141.jpg,single
1742569304176.jpg,single
1742569305209.jpg,single
1742569306242.jpg,single
1742569307277.jpg,single
1742569308308.jpg,single
1742569309344.jpg,single
1742569310375.jpg,single
1742569312444.jpg,t_right
1742569313477.jpg,single
1742569314509.jpg,single
1742569315543.jpg,single
1742569317610.jpg,single
1742569318643.jpg,single
1742569319674.jpg,single
1742569320708.jpg,single
1742569322777.jpg,t_right
1742569323808.jpg,single
1742569324841.jpg,single
1742569325875.jpg,single
1742569326910.jpg,single
1742569327943.jpg,single
1742569328977.jpg,single
1742569330009.jpg,single
1742569331043.jpg,single
1742569341049.jpg,single
1742569342075.jpg,single
1742569345176.jpg,single
1742569346211.jpg,single
1742569348275.jpg,single
1742569349309.jpg,single
1742569350344.jpg,single
1742569374981.jpg,single
1742569376010.jpg,single
1742569377044.jpg,single
1742569380142.jpg,single
1742569381176.jpg,single
1742569382211.jpg,single
1742569383244.jpg,single
1742569384277.jpg,single
1742569385310.jpg,single
1742569386344.jpg,single
1742569387377.jpg,single
1742569388410.jpg,single
1742569389442.jpg,single
1742569390475.jpg,single
1742569391511.jpg,single
1742569392543.jpg,single
1742569393577.jpg,single
1742569394612.jpg,single
1742569395644.jpg,single
1742569396678.jpg,single
1742569397711.jpg,single
1742569398747.jpg,single
1742569399777.jpg,single
1742569400810.jpg,single
1742569401844.jpg,single
1742569402878.jpg,single
1742569403911.jpg,single
1742569404944.jpg,single
1742569405978.jpg,single
1742569407011.jpg,single
1742569409077.jpg,single
1742569410110.jpg,single
1742569411145.jpg,single
1742569412181.jpg,single
1742569413212.jpg,single
1742569414244.jpg,single
1742569415278.jpg,single
1742569416314.jpg,single
1742569417344.jpg,single
1742569418378.jpg,single
1742569419412.jpg,single
1742569420445.jpg,single
1742569421478.jpg,single
1742569422511.jpg,single
1742569423543.jpg,single
1742569424578.jpg,single
1742569425612.jpg,single
1742569426646.jpg,single
1742569427679.jpg,single
1742569428710.jpg,single
1742569429745.jpg,single
1742569430779.jpg,single
1742569431813.jpg,single
1742569432845.jpg,single
1742569434910.jpg,single
1742569435944.jpg,single
1742569436979.jpg,single
1742569438012.jpg,single
1742569439045.jpg,single
1742569440082.jpg,single
1742569441111.jpg,single
1742569442145.jpg,single
1742569443179.jpg,single
1742569444215.jpg,single
1742569445244.jpg,single
1742569446278.jpg,single
1742569447312.jpg,single
1742569448344.jpg,single
1742569449378.jpg,single
1742569450412.jpg,single
1742569451448.jpg,single
1742569452478.jpg,single
1742569453515.jpg,single
1742569454546.jpg,single
1742569546139.jpg,single
1742569547165.jpg,single
1742569548200.jpg,single
1742569549232.jpg,single
1742569550266.jpg,single
1742569551299.jpg,single
1742569552331.jpg,single
1742569553365.jpg,single
1742569555432.jpg,single
1742569556466.jpg,single
1742569558530.jpg,t_right
1742569588908.jpg,single
1742569589933.jpg,single
1742569590966.jpg,single
1742569592000.jpg,single
1742569593035.jpg,t_right
1742569594068.jpg,single
1742569595101.jpg,single
1742569596134.jpg,single
1742569597167.jpg,t_right
1742569598201.jpg,single
1742569599234.jpg,single
1742569600267.jpg,single
1742569601301.jpg,single
1742569602333.jpg,single
1742569603367.jpg,single
1742569604402.jpg,single
1742569605433.jpg,single
1742569606466.jpg,single
1742569607499.jpg,single
1742569608533.jpg,single
1742569609569.jpg,single
1742569610603.jpg,t_right
1742569611635.jpg,single
1742569612667.jpg,single
1742569613703.jpg,single
1742569614735.jpg,t_right
1742569818356.jpg,single
1742569819382.jpg,single
1742569820416.jpg,single
1742569821449.jpg,single
1742569822485.jpg,single
1742569823518.jpg,single
1742569824549.jpg,single
1742569825583.jpg,single
1742569826618.jpg,single
1742569827648.jpg,single
1742569828683.jpg,single
1742569829715.jpg,single
1742569830751.jpg,single
1742569831785.jpg,single
1742569832816.jpg,single
1742569833848.jpg,single
1742569834883.jpg,single
1742569835918.jpg,single
1742569836953.jpg,single
1742569837985.jpg,single
